{
  "project" : {
    "id" : "secondtestproject-116480-eNX",
    "name" : "secondtestproject-116480-eNX",
    "folder" : "/jaicp"
  },
  "settings" : {
    "language" : "ru",
    "spellingCorrection" : false,
    "classificationAlgorithm" : "sts",
    "timezone" : "Europe/Moscow",
    "shared" : false
  },
  "intents" : [ {
    "id" : 158426,
    "path" : "/пока",
    "enabled" : true,
    "shared" : false,
    "phrases" : [ {
      "text" : "пока"
    } ]
  }, {
    "id" : 158427,
    "path" : "/привет",
    "enabled" : true,
    "shared" : false,
    "phrases" : [ {
      "text" : "привет"
    } ]
  } ],
  "entities" : [ {
    "entity" : {
      "id" : 89846,
      "name" : "Тест",
      "enabled" : true,
      "shared" : false,
      "type" : "annotation",
      "priority" : 1,
      "noSpelling" : false,
      "noMorph" : false
    },
    "records" : [ {
      "id" : 8507867,
      "type" : "synonyms",
      "rule" : [ "тест" ],
      "value" : ""
    } ]
  } ],
  "enabledSystemEntities" : [ "duckling.number", "duckling.time", "duckling.duration", "duckling.phone-number", "duckling.email", "duckling.url" ]
}